{
  "format_version": "1.21.70",
  "minecraft:lighting_settings": {
    "description": {
      "identifier": "minecraft:mushroom_island_lighting"
    },
    "directional_lights": {
      "sun": {
        "illuminance": {
          "0.000000": 100.0,
          "0.292000": 0.0,
          "0.291500": 0.01,
          "0.282000": 1.0,
          "0.050000": 100.0,
          "0.709000": 0.0,
          "0.719000": 1.0,
          "0.950000": 100.0,
          "1.000000": 100.0
        },
        "color": {
          "0.717949": [ 232, 209, 255 ],
          "0.242908": [ 187, 153, 255 ],
          "0.140811": [ 174, 158, 255 ],
          "0.216944": [ 182, 158, 255 ],
          "0.314561": [ 242, 229, 255 ],
          "0.269504": [ 187, 153, 255 ],
          "0.506998": [ 170, 153, 255 ],
          "0.801062": [ 174, 158, 255 ],
          "1.000000": [ 221, 214, 255 ]
        }
      },
      "moon": {
        "illuminance": {
          "0.750000": 0.0,
          "0.000000": 0.0,
          "0.200000": 0.0,
          "1.000000": 0.0,
          "0.225000": 0.4,
          "0.735000": 0.4
        },
        "color": {
          "0.000000": [ 163, 182, 255 ],
          "1.000000": [ 163, 182, 255 ]
        }
      }
    }
  }
}
