{
  "format_version": "1.21.40",
  "minecraft:atmosphere_settings": {
    "description": { 
      "identifier": "minecraft:desert_atmospherics" 
    },
    "sky_zenith_color": {
      "0.000000": [53, 50, 80],
      "0.644880": [20, 20, 20],
      "0.199685": [53, 80, 90],
      "0.800315": [53, 70, 90],
      "0.352560": [20, 20, 20]
    },
    "sky_horizon_color": {
      "0.217114": [123, 94, 79],
      "0.000000": [93, 99, 98],
      "0.167053": [93, 99, 98],
      "0.239274": [135, 97, 83],
      "0.361464": [88, 88, 128],
      "0.276382": [76, 58, 58],
      "0.401799": [43, 67, 77],
      "0.616996": [43, 67, 77],
      "0.654508": [84, 74, 118],
      "0.706861": [113, 97, 117],
      "0.748744": [135, 111, 99],
      "0.786432": [116, 113, 91],
      "0.830049": [93, 99, 98]
    },
    "rayleigh_strength": {
      "0.000000": 10.0,
      "0.717412": 5.0,
      "0.330402": 5.0,
      "0.138743": 10.0,
      "0.250000": 5.0,
      "0.640704": 5.0,
      "0.929310": 10.0,
      "1.000000": 10.0
    },
    "sun_mie_strength": {
      "0.800000": 0.0,
      "0.750000": 0.75,
      "0.000000": 0.0,
      "0.200000": 0.0,
      "0.250000": 0.75,
      "0.400000": 0.0,
      "0.600000": 0.0,
      "1.000000": 0.0
    },
    "moon_mie_strength": { "0.000000": 0.0, "1.000000": 0.0 },
    "sun_glare_shape": {
      "0.800000": 0.0,
      "0.750000": 0.05000000074505806,
      "0.000000": 0.0,
      "0.200000": 0.0,
      "0.250000": 0.07377050071954727,
      "0.400000": 0.0,
      "0.600000": 0.0,
      "1.000000": 0.0
    },
    "horizon_blend_stops": {
      "min": { "0.000000": 0.0, "1.000000": 0.0 },
      "start": {
        "0.750000": 0.25,
        "0.000000": 0.800000011920929,
        "0.827004": 0.5,
        "0.250000": 0.5,
        "0.300912": 0.25,
        "1.000000": 0.800000011920929
      },
      "mie_start": {
        "0.800000": 1.0,
        "0.000000": 0.5,
        "0.900000": 0.5,
        "0.100000": 0.5,
        "0.200000": 1.0,
        "1.000000": 0.5
      },
      "max": { "0.000000": 0.25, "1.000000": 0.25 }
    }
  }
}
