{
  "format_version": "1.21.40",
  "minecraft:atmosphere_settings": {
    "description": {
      "identifier": "minecraft:ice_plains_spikes_atmospherics"
    },
    "sky_zenith_color": {
      "0.000000": [ 159, 175, 196 ],
      "0.644880": [ 40, 40, 40 ],
      "0.199685": [ 159, 175, 196 ],
      "0.800315": [ 159, 175, 196 ],
      "0.352560": [ 40, 40, 40 ]
    },
    "sky_horizon_color": {
      "0.217114": [ 159, 175, 196 ],
      "0.000000": [ 159, 175, 196 ],
      "0.167053": [ 159, 175, 196 ],
      "0.239274": [ 159, 175, 196 ],
      "0.361464": [ 105, 114, 129 ],
      "0.276382": [ 136, 108, 108 ],
      "0.401799": [ 83, 117, 157 ],
      "0.616996": [ 105, 114, 129 ],
      "0.654508": [ 144, 155, 238 ],
      "0.706861": [ 203, 187, 237 ],
      "0.748744": [ 159, 175, 196 ],
      "0.786432": [ 159, 175, 196 ],
      "0.830049": [ 159, 175, 196 ]
    },
    "horizon_blend_stops": {
      "min": {
        "0.000000": 0.0,
        "1.000000": 0.0
      },
      "start": {
        "0.750000": 0.25,
        "0.000000": 0.800000011920929,
        "0.827004": 0.5,
        "0.250000": 0.5,
        "0.300912": 0.25,
        "1.000000": 0.800000011920929
      },
      "mie_start": {
        "0.800000": 1.0,
        "0.000000": 0.5,
        "0.900000": 0.5,
        "0.100000": 0.5,
        "0.200000": 1.0,
        "1.000000": 0.5
      },
      "max": {
        "0.000000": 0.25,
        "1.000000": 0.25
      }
    },
    "rayleigh_strength": {
      "0.000000": 10.0,
      "0.717412": 5.0,
      "0.330402": 5.0,
      "0.138743": 10.0,
      "0.250000": 5.0,
      "0.640704": 5.0,
      "0.929310": 10.0,
      "1.000000": 10.0
    },
    "sun_mie_strength": {
      "0.800000": 0.0,
      "0.750000": 0.75,
      "0.000000": 0.0,
      "0.200000": 0.0,
      "0.250000": 0.75,
      "0.400000": 0.0,
      "0.600000": 0.0,
      "1.000000": 0.0
    },
    "moon_mie_strength": {
      "0.000000": 0.0,
      "1.000000": 0.0
    },
    "sun_glare_shape": {
      "0.800000": 0.0,
      "0.750000": 0.05000000074505806,
      "0.000000": 0.0,
      "0.200000": 0.0,
      "0.250000": 0.07377050071954727,
      "0.400000": 0.0,
      "0.600000": 0.0,
      "1.000000": 0.0
    }
  }
}
