{
  "format_version": "1.21.80",
  "minecraft:lighting_settings": {
    "description": {
      "identifier": "minecraft:end_lighting"
    },
    "directional_lights": {
      "orbital": {
        "sun": {
          "illuminance": {
            "0.000000": 100.0,
            "1.000000": 100.0
          },
          "color": {
            "0.000000": [ 255, 255, 255 ],
            "1.000000": [ 255, 255, 255 ]
          }
        },
        "moon": {
          "illuminance": {
            "0.000000": 100.0,
            "1.000000": 100.0
          },
          "color": {
            "0.000000": [ 255, 255, 255 ],
            "1.000000": [ 255, 255, 255 ]
          }
        },
        "orbital_offset_degrees": 0.0
      },
      "flash": {
        "illuminance": 3.0,
        "color": [ 228, 93, 255 ]
      }
    },
    "ambient": {
      "color": [ 255, 255, 255 ],
      "illuminance": 0.125
    }
  }
}
