{
  "format_version": "1.21.70",
  "minecraft:lighting_settings": {
    "description": {
      "identifier": "minecraft:ice_plains_spikes_lighting"
    },
    "directional_lights": {
      "sun": {
        "illuminance": {
          "0.000000": 50.0,
          "0.292000": 0.0,
          "0.291500": 0.01,
          "0.282000": 1.0,
          "0.050000": 50.0,
          "0.709000": 0.0,
          "0.719000": 1.0,
          "0.950000": 50.0,
          "1.000000": 50.0
        },
        "color": {
          "0.717949": [ 215, 224, 255 ],
          "0.242908": [ 215, 224, 255 ],
          "0.140811": [ 215, 224, 255 ],
          "0.216944": [ 215, 224, 255 ],
          "0.314561": [ 215, 224, 255 ],
          "0.269504": [ 215, 224, 255 ],
          "0.506998": [ 215, 224, 255 ],
          "0.801062": [ 215, 224, 255 ],
          "1.000000": [ 215, 224, 255 ]
        }
      },
      "moon": {
        "illuminance": {
          "0.750000": 0.0,
          "0.000000": 0.0,
          "0.200000": 0.0,
          "1.000000": 0.0,
          "0.225000": 0.4,
          "0.735000": 0.4
        },
        "color": {
          "0.000000": [ 163, 182, 255 ],
          "1.000000": [ 163, 182, 255 ]
        }
      }
    }
  }
}
