{
  "format_version": "1.21.70",
  "minecraft:lighting_settings": {
    "description": {
      "identifier": "minecraft:pale_garden_lighting"
    },
    "directional_lights": {
      "sun": {
        "illuminance": {
          "0.000000": 5.0,
          "0.292000": 0.0,
          "0.282000": 0.2,
          "0.050000": 5.0,
          "0.709000": 0.0,
          "0.719000": 0.2,
          "0.950000": 5.0,
          "1.000000": 5.0
        },
        "color": {
          "0.717949": [195, 216, 255],
          "0.242908": [195, 216, 255],
          "0.140811": [195, 216, 255],
          "0.216944": [195, 216, 255],
          "0.314561": [195, 216, 255],
          "0.269504": [195, 216, 255],
          "0.506998": [195, 216, 255],
          "0.801062": [195, 216, 255],
          "1.000000": [195, 216, 255]
        }
      },
      "moon": {
        "illuminance": {
          "0.750000": 0.0,
          "0.000000": 0.0,
          "0.200000": 0.0,
          "1.000000": 0.0,
          "0.225000": 0.4,
          "0.735000": 0.4
        },
        "color": {
          "0.000000": [217, 225, 255],
          "1.000000": [217, 225, 255]
        }
      }
    }
  }
}
